Filename,Title,Description
10-aplikasi-social-spy-sadap-wa-014c687,"10 Aplikasi Social Spy, Sadap WA Gratis Selamanya","Cara termudah untuk sadap WA orang lain dari suami atau istri atau HP pacar yang selingkuh, dengan aplikasi social spy untuk iPhone dan Android"
10-sadap-hp-tersembunyi-suami-selingkuh-13a3b,10 Aplikasi Sadap HP Tersembunyi untuk Suami Selingkuh,Apakah Anda khawatir tentang kesetiaan pasangan atau mencurigai dari tanda suami selingkuh lewat sosial media di hp
12-aplikasi-sadap-wa-gratis-tanpa-ketahuan-5117c,12 Aplikasi Sadap WA Gratis Tanpa Ketahuan (100% Work),Apakah kamu pernah curiga dengan pacar atau suami / istri kamu yang lama bales chat WA?
9-sadap-hp-pacar-tanpa-ketahuan-bdb42,"9 Aplikasi Sadap HP Pacar, Dijamin Gak Ketahuan!","Menyadap HP iPhone dan Android pacar yang selingkuh untuk sadap chat WA, Panggilan Telepon, Lacak Lokasi, remote kamera dan layar jarak jauh"
akses-whatsapp-komputer-laptop-28,Cara Akses WA WEB3 di Laptop / PC,cara mudah akses akun whatsapp dengan mudah dengan versi web3 di laptop atau komputer tanpa verifikasi sms
aplikasi-hacking-android-95,22+ Daftar Aplikasi Android untuk Hacker,"download aplikasi hacker android, yang bisa digunakan untuk membobol beragam kegiatan sosial media dan chat secara jarak jauh"
aplikasi-keyologger-android-41,3 Aplikasi Keylogger Android Gratis Tanpa Root,"aplikasi dengan fitur keylogger apk android gratis tanpa root, untuk sadap hp dengan mudah dan jarak jauh"
aplikasi-sadap-safespy,Cara Akses File Manager Android dan iPhone Jarak Jauh,Cara Termudah Remote File dari Folder manajer HP iPhone dan Android Secara jarak Jauh Dengan Aplikasi sadap SafeSpy
aplikasi-sadap-spyic,8 Cara Buktikan Pasangan Selingkuh Lewat Sosial Media,"Buktikan Pasangan Selingkuh / Pacar Di Sosial Media dari aktivitas rahasia HP iPhone dan Android, dengan aplikasi sadap Spyic"
aplikasi-sadap-spyzie,Cara Sadap iPhone Tanpa Sentuh Modal ID iCloud,Cara Termudah Sadap iOS untuk HP iPhone dan iPad dengan ID iCloud secara jarak jauh tanpa install aplikasi ataupun jailbreak
aplikasi-teensafe,Cara Mudah Mengawasi Sosial Media Remaja Lewat Gadget,Cara Mudah Sadap Sosial Media Anak remaja untuk mencegah pergaulan secara online lewat hpnya
backdoor-metasploit-termux-76,Cara Bikin Backdoor Metasploit Termux,cara membuat backdoor menggunakan metasploit termux dengan ponsel android tanpa harus melakukan rooting
bajak-wa-getcontact-39,13 Cara Bajak WA Seseorang Lewat Getcontact,"cara membajak wa dengan getcontact tanpa aplikasi dengan mudah, dapat berjalan secara jarak jauh dengan penyadap hp"
cara-cek-whatsapp-disadap-27,Cara Mencegah WA Di Sadap Orang Terdekat Kita,cara mengatasi wa di sadap dan mencegahnya oleh teman atau orang terdekat dengan aplikasi penyadap yang disembunyikan
cara-hack-admin-grup-whatsapp-94,14 Cara Hack Admin Grup WA Tanpa Diketahui,"cara hack admin grup whatsapp diam diam tanpa diketahui, dengan daftar aplikasi sadap hp dapat berjalan jarak jauh"
cara-hack-akun-facebook-lupa-password,"11 Cara Hack Akun Facebook, Lupa Password","Cara Mudah Hack Pesan Facebook Messenger dengan mudah lewat HP, buktikan pasangan selingkuh secara jarak jauh"
cara-hack-akun-instagram-lupa-password-1dc,"11 Cara Mudah Hack Akun IG, Lupa Password",Ada banyak alasan yang sah bagi seseorang untuk menggunakan aplikasi hack pada akun Instagram orang lain
cara-hack-akun-sosial-media-85,2 Cara Hack TikTok Tanpa Pinjam HP,"daftar cara hack tiktok tanpa pinjam hp, dengan aplikasi sadap hp gratis untuk melihat setiap aktivitas pesan"
cara-hack-email-google-75,4 Cara Hack Akun Google Gmail Orang Lain,cara hack akun google gmail email orang lain dengan mudah tanpa yang lupa password lewat ponsel android tanpa rooting
cara-hack-password-twitter-69,4 Cara Hack Akun Twitter Lewat HP [HTML],daftar cara terbaik untuk hack twitter x orang lain lewat hp dengan program html untuk mencuri password
cara-hack-telegram-89,3 Aplikasi Sadap Untuk Hack Telegram dari HP,"cara hack telegram dengan aplikasi sadap hp, untuk buktikan pasangan selingkuh secara jarak jauh dengan beberapa  metode sekaligus"
cara-sadap-nomor-31,12 Cara Sadap Pesan SMS (Nomor XL),"cara sadap nomor hp kartu xl, cara sadap sms dari provider axiata xl secara jarak jauh dengan mudah tanpa aplikasi"
cara-sadap-nomor-35,Cara Hack Data SMS (Nomor Telkomsel),cara hack nomor telkomsel dengan aplikasi terbaik untuk ponsel android dan iphone buat buktikan pasangan selingkuh secara jarak jauh
cara-sadap-wa-dengan-kode-21,Sadap WA dengan Kode 515 Tanpa Aplikasi,cara sadap wa dengan kode 515 dapat bajak aplikasi whatsapp secara jarak jauh dengan mudah untuk iphone dan android
cara-sadap-wa-lewat-imei-71,Panduan Sadap WA Via Nomor IMEI (Jarak Jauh),"cara sadap wa lewat imei, apakah bisa? yuk cek cara bajak hp dengan aplikasi terbaik yang dapat jalan secara jarak jauh dengan modal jaringan internet"
cara-whatsapp-tidak-disadap-53,Cara Amankan WA Agar Tidak Disadap,cara mengamankan whatsapp agar tidak di sadap dengan mudah oleh orang tidak bertanggung jawab dan orang terdekat secara iseng ingin melihat wa kita
fakta-termux-sering-digunakan-hacker-23,"5 Fakta Tentang Termux, Sering Digunakan Hacker!","sering digunakan hacker! 5 fakta menarik tentang termux, untuk hack, sadap, bajak sosial media dan keamanan jaringan dan website wordpress"
fitur-aplikasi-appspy-90,Daftar Aplikasi untuk Sadap HP iPhone / iPad (Gratis),aplikasi  spy untuk sadap hp iphone ios secara jarak jauh dengan mudah tanpa harus jailbreak dan gratis
fitur-aplikasi-sadap-xnspy-74,"Cek Fitur Aplikasi Sadap XNSPY, HP iPhone [FREE]","ketahui fitur aplikasi sadap xnspy untuk iphone dan android, bajak chat sosial media dari whatsapp, facebook, instagram, telegram secara jarak jauh free download apk"
fitur-aplikasi-social-spy-02,11 Cara Mengendalikan HP Orang Lain Jarak Jauh,fitur dan download aplikasi sadap hp dengan apk gratis untuk melihat melihat data dari smartphone seseorang jarak jauh
fitur-smartphonelog-apk-82,Aplikasi Sadap HP Smartphonelog APK Versi Lama,Download aplikasi sadap hp dengan Smartphonelog Login APK Versi Lama 2024
flexispy-penyadap-hp-iphone,Cara Sadap iPhone dan Android Yang Terkunci (Password),"Cara Sadap HP iPhone & Android - Sadap Panggilan WhatsApp, FB, Intagram, LINE, Telegram Secara Jarak Jauh"
hack-akun-instagram-android-86,26 Tool Hack Akun IG Pasangan Selingkuh,"cara hack akun ig orang gratis secara online, dengan aplikasi sadap hp dengan mudah jarak jauh lihat aktivitas rahasia"
hack-android-tanpa-root-31,13 Hack Aplikasi yang Terkunci / Disembunyikan (Android),cara membobol aplikasi yang terkunci atau disembunyikan dengan mudah tanpa harus melakukan root hp android
hack-chat-whatsapp-pacar-email-64,Cara Hack Aplikasi WA Menggunakan Email ,cara hack data rahasia dari aplikasi wa secara jarak jauh menggunakan email dapat work 2024
hack-data-instagram-96,13 Cara Hack DM Aplikasi Instagram (Hacking Tool),"aplikasi sadap, hack akun ig (instagram hacker apk download free) terbaru lewat hp android dan ios jarak jauh"
hack-facebook-tanpa-aplikasi-29,9 Cara Hack Facebook Terbaru [Social Spy],"daftar cara hack akun facebook messenger terbaru dan terbaik, dengan aplikasi sadap hp android dan ios free download"
hack-hp-orang-via-hotspot-92,12 Cara Hack HP Orang Lain Lewat WiFi Kita,"cara hack hp orang yang menggunakan hotspot kita, bisa cek setiap aktivitas yang sedang dilakukan pada ponsel yang terhubung"
hack-instagram-dengan-sql-injection-25,Hack Account Instagram Via SQL Injection,"cara hack akun instagram menggunakan tool software sql injection (sqli) untuk melihat password, email dan pesan dm"
hack-kamera-cctv-private-75,Cara Hack CCTV Sekitar Lewat HP Android dan PC,cara hack cctv terdekat lewat hp android dan pc secara jarak jauh dengan beberapa tool untuk mengawasi hp pasangan
hack-lacak-lokasi-android-98,8 Aplikasi Untuk Lacak Lokasi Nomor HP,"8 aplikasi hacker pelacak lokasi nomor hp, dapat melacak daerah seseorang secara akurat dengan signal jaringan selular provider"
hack-messenger-facebook-orang-lain-62,Sadap Facebook Messenger Pacar Tanpa Sentuh HP,"cara sadap facebook messenger pacar tanpa sentuh hp, dengan aplikasi hack fb secara jarak jauh untuk lihat pesan dm"
hack-sadap-hp-android-jarak-jauh-20,12 Cara Hack HP Orang tanpa Diketahui dari Jarak Jauh,cara hack hp orang tanpa diketahui dari jarak jauh lewat hp dengan beberapa aplikasi sadap gratis ios dan android
hack-sidik-jari-smartphone-63,13 Cara Hack Sidik Jari HP VIVO dan OPPO,"cara hack sidik jari hp android vivo oppo orang lain, dapat digunakan tanpa rooting dan juga pc"
hack-spy-wa-whatsapp-teman-pacar-87,17 Tool Bajak WA Teman / Orang Lain Aplikasi Gratis,cara membajak wa (hack wa) teman / orang lain dengan aplikasi gratis secara jarak jauh
hack-wa-dengan-cmd-74,12 Cara Hack Pesan WA dengan CMD Jarak Jauh,cara hack pesan wa dengan cmd jarak jauh dengan mudah dengan gratis dan juga mudah digunakan
hack-wa-social-spy-whatsapp-87,15 Aplikasi Hack Pesan Rahasia WA Terbaik Gratis,15 daftar aplikasi hack pesan rahasia wa terbaik gratis download untuk sadap hp seseorang secara jarak jauh
hack-wa-terminal-emulator-apk-41,14 Cara Mudah Hack WA Dengan Emulator Android,cara hack wa via android terminal emulator dengan perangkat komputer dan pc windows jarak jauh
hack-whatsapp-airdroid-33,13 Cara Hack WhatsApp Lewat Airdroid APK Gratis,"cara mudah hack pesan rahasia dari aplikasi whatsapp via airdroid apk 2023, secara jarak jauh lewat pc"
hack-whatsapp-extension-chrome-65,15 Tool Hack WhatsApp Lewat Browser Chrome (Extension),Cara Hack WhatsApp dengan Chrome Tanpa Ketahuan
hack-whatsapp-ss7-40,Cara Hack WhatsApp dengan SS7 Attack (Alternatif),"cara mudah hack whatsapp dengan ss7 attack, alternatif dengan aplikasi sadap hp untuk monitoring aktivitas wa"
highstermobile,Cara Mudah Sadap Aplikasi Telegram Dengan Highster Mobile,"Cara Sadap iPhone (iOS) Tanpa-Jailbreak & Android Hack Facebook Messenger, Line, Telegram, Snapchat - Secara Jarak Jauh."
install-kali-nethunter-termux-67,"Cara Install Kali Nethunter, Lewat Termux Android","cara install kali nethunter di termux android, untuk hacking sosial media facebok ig wa secara jarak jauh dengan ponsel android"
ispyoo-sadap-whatsapp-apk-80,Aplikasi iSpyoo Sadap WhatsApp APK Gratis,ispyoo adalah aplikasi sadap whatsapp apk download gratis untuk sadap wa ig dan fb dapat berjalan secara jarak jauh
kembalikan-sms-hilang-di-android-51,Cara Mengembalikan Aplikasi Pesan Hilang / Terhapus (Android),daftar aplikasi untuk cara mengembalikan pesan sms hilang terhapus di hp dengan mudah dan cepat
kidsguard-pro,Cara Mudah Hack Akun Gmail Tanpa Password [100% Work],"Cara Mudah Hack Akun Gmail tanpa Password lewat Hp, untuk sadap data pesan email baik dari Android dan iPhone"
link-sadap-wa-88,13 Link Download Aplikasi Sadap WA Terbaru,"daftar link download untuk sadap wa terbaru, dengan aplikasi android dan ios dengan mudah jarak jauh"
login-instagram-tanpa-diketahui-53,Cara Login Instagram Tanpa Diketahui di HP Lain,"cara login instagram tanpa diketahui pemiliknya lewat hp iphone dan android dengan aplikasi hack, keylogger, sadap secara jarak jauh"
melihat-pesan-messenger-dihapus-83,Cara Lihat Pesan Facebook Messenger yang Dihapus,cara melihat pesan messenger yang sudah dihapus di hp dengan aplikasi hack fb dengan mudah tanpa password
mengendalikan-hp-android-jarak-jauh-87,12 Cara Mengendalikan HP Android Jarak Jauh,"cara mengendalikan hp android jarak jauh tanpa diketahui dengan mudah, dengan beberapa tool aplikasi sadap lewat pc"
mengetahui-akun-fb-di-bajak-90,Cara Mengetahui Akun Facebook di Bajak / Hack,"cara mengetahui akun fb di bajak dan ciri-cirinya, dengan aplikasi sadap yang dapat mengawasi aktivitas facebook messenger"
mengetahui-chat-whatsapp-dihapus-23,12 Cara Cek Chat WA yang Sudah Dihapus (HP Pasangan),3 cara melihat chat wa yang sudah dihapus di hp pasangan dengan aplikasi sadap secara jarak jauh buktikan pacar selingkuh
mengetahui-yang-hack-wa-35,11 Cara Mengetahui Siapa Yang Hack WA Kita,cara mengetahui orang yang hack wa dengan mudah dengan menggunakan beberapa metode dengan beberapa pengaturan keamanan
menyadap-hp-suami-jarak-jauh-78,Cara Sadap HP Suami Jarak Jauh tanpa Diketahui,"cara sadap hp suami jarak jauh tanpa diketahui target dengan mudah dan cepat tanpa menggunakan aplikasi, buktikan suami sedang selingkuh"
menyadap-whatsapp-tanpa-verifikasi-29,13 Cara Sadap WA Tanpa Kode Verifikasi SMS,"cara sadap wa tanpa verifikasi terbaru tanpa kode, tanpa aplikasi dapat berjalan secara jarak jauh untuk ponsel iphone dan android"
meretas-bobol-facebook-83,15 Cara Hack Akun Sosmed (FB. IG. WA. TELEGRAM),"cara hacker sosmed fb ig wa terbaru, dengan menggunakan aplikasi sadap hp free download apk jarak jauh dengan mudah"
mobile-spy,Aplikasi Hack DM Akun Instagram Lewat HP (Mobile Spy),"Aplikasi Sadap DM instagram dari hp iPhone & Android - dan buktikan pasangan selingkuh, monitoring komunikasi rahasia jarak jauh"
ownspy-penyadap-hp-pasangan,Aplikasi Sadap Chat & Call Skype (OwnSpy),Penyadap OS iOS dan Android Tanpa memerlukan root atau jailbreak - Sadap obrolan chat rahasia dari aplikasi Skype dengan ID iCloud
panduan-line-login-via-email,Cara Login Line Via Email (Panduan Lengkap),"panduan lengkap cara login line via email dengan mudah dari gmail atau yahoo, apabila tidak menggunakan nomor dan username"
panduan-sadap-hp-termux-45,Panduan Hack HP Orang Lain dengan Metasploit Termux,"cara hack hp orang lain dengan metasploit termux, untuk sadap wa facebook telegram secara jarak jauh dengan mudah"
penyadap-fonemonitor,Cara Mudah Buktikan Kecurangan Rekan Kerja dan Karyawan,Cara mudah Mudah Buktikan Kecurangan Karyawan dan rekan kerja lewat komunikasi rahasia di iPhone dan Android
penyadap-hp-pasangan-selingkuh,Cara Akses Kamera Android / iPhone Secara Jarak Jauh,Update cara remote kamera untuk ambil foto dan video iPhone dan Android secara jarak jauh melalui jaringan internet
penyadap-pasangan-selingkuh-xnspy,Software Hack Facebook Messenger dengan XNSpy,"Cara Sadap Facebook Messenger Untuk HP, dengan software XnSpy dengan mudah secara jarak jauh, tersedia untuk iPhone dan Android"
penyadap-thetruthspy,Aplikasi Sadap Chat dan Panggilan LINE Free (TheTruthSpy),"Aplikasi TheTruthSpy remote kamera dan SADAP Panggilan Suara, Panggilan Video dan Chat Line untuk buktikan pasangan selingkuh"
perangkat-sadap-trackmyfone,Cara Mudah Sadap Aplikasi SnapChat Free TrackMyFone,"Sadap Chat Snapchat yang di password - dengan software TrackMyFone FREE, Buktikan Pasangan Selingkuh, Sadap Video Call Snapchat"
sadap-android-gratis-tanpa-rooting-d04c,11 + Aplikasi Sadap Android Gratis (Tanpa Rooting),"10 daftar aplikasi penyadap HP terbaik di Android tanpa rooting gratis, sadap hp jarak jauh tanpa pinjam hp pasangan"
sadap-android-tanpa-root-80,20 Cara Hack HP dengan Aplikasi Sadap Tanpa Root,"cara melihat aktivitas dengan aplikasi sadap hp android tanpa root, dapat mengawasi secara jarak jauh"
sadap-hp-gratis-istri-selingkuh-29f9f,"13 Aplikasi Sadap HP Gratis, Buktikan Istri Selingkuh","Tanda atau ciri-ciri istri sedang selingkuh lewat sosial media? curiga, lewat sadap jarak jauh tanpa ribet dengan aplikasi gratis"
sadap-hp-istri-tanpa-diketahui-24,Sadap HP Istri Tanpa Diketahui Jarak Jauh 100%,"cara sadap hp istri tanpa diketahui 100% work, menggunakan aplikasi sadap iphone dan android dengan cepat dan mudah jarak jauh"
sadap-hp-lewat-akun-google-71,Sadap HP Istri Dengan Akun Gmail Tanpa Aplikasi,Cara Sadap HP Istri dengan Akun Google tanpa Ketahuan 2023
sadap-hp-mspy,"Bajak Chat & Panggilan WA, Aplikasi mSpy FREE TRIAL","Cara Mudah Sadap Chat, Voice Note, dan Panggilan Video WhatsApp dengan Aplikasi Penyadap mSpy, Buktikan Pasangan Selingkuh"
sadap-hp-pacar-ldr-61,Cara Sadap WA Pacar yang sedang LDR,cara sadap wa pacar yang lagi ldr tanpa diketahui dengan aplikasi bajak secara jarak jauh untuk iphone dan android buktikan pasangan selingkuh
sadap-iphone-android-tanpa-pinjam,"9+ Cara Sadap iPhone & Android, Tanpa Pinjam HP","Aplikasi Sadap HP Android & iPhone Terbaik, menggunakan aplikasi penyadap yang tepat untuk menyadap HP jarak jauh tanpa meminjam hp target"
sadap-iphone-ipad-dengan-itunes-977c1,"14 Aplikasi Sadap iPhone & iPad Gratis, Dengan iTunes",Cara Sadap iOS untuk iPhone dan iPad tanpa pinjam hp dan tanpa instal aplikasi apapun dapat bekerja secara jarak jauh dengan itunes
sadap-kamera-hp-86,"10 Aplikasi Sadap, Remote Kamera HP Jarak Jauh","daftar aplikasi sadap kamera hp jarak jauh viral, dengan aplikasi remote secara jarak jauh lewat android dan ios"
sadap-pesan-tanpa-pinjam-hp-76,13 Cara Sadap SMS Tanpa Pinjam HP Target,"cara sadap sms tanpa pinjam hp target, dengan beberapa aplikasi untuk melihat setiap data pesan jarak jauh"
sadap-wa-dengan-vpn-84,Cara Menyadap WA Menggunakan HP Gratis,"cara menyadap wa menggunakan aplikasi vpn untuk sadap hp secara jarak jauh untuk iphone dan android, agar dapat buktikan pasangan selingkuh"
sadap-whatsapp-dengan-termux-32,Script Untuk Sadap Aplikasi WA (Tool Hack Termux),"script untuk sadap wa, hack dengan termux untuk ponsel android secara jarak jauh tanpa harus melakukan rooting"
sadap-whatsapp-kali-linux-89,Cara Sadap WhatsApp Dengan Kali Linux,"cara sadap whatsapp dengan kali linux, untuk mengawasi pasangan selingkuh dengan mudah secara jarak jauh support dengan iphone dan android"
sadap-whatsapp-pacar-via-kode-21,Cara Sadap WhatsApp Pacar dengan Kode 21,"cara menyadap whatsapp pacar dengan kode 21 terbaru, dapat dijalankan secara jarak jauh untuk smartphone iphone dan android buktikan kesetiaan"
shortcode-example,Contoh Shortcode di Markdown,Tutorial menggunakan shortcode (Astro Components) langsung di file Markdown
termux-android-untuk-hacking-76,Cara Hack Android Menggunakan Aplikasi Termux,"cara menggunakan termux untuk hack di android, untuk sadap data komunikasi dari aplikasi sosial media secara jarak jauh"
tips-cek-tiktok-lagi-disadap-39,Apakah TikTok Bisa Disadap? Ini Cara Mengetahui,apakah aplikasi tiktok bisa di sadap? ini cara mengetahui setiap aktivitas dari aplikasi tersebut termasuk pesan jarak jauh
tips-hack-kamera-hp-termux-45,13 Cara Hack Kamera HP Via Termux (Android),"tutorial cara mudah hack kamera hp via termux dari ponsel android, dapat remote kamera secara jarak jauh"
tips-telegram-kena-hack-23,Cara Cek Akun Telegram yang di Hack,cara mengembalikan akun telegram yang di hack dengan mudah secara jarak jauh aplikasi sadap hp android dan ios
tool-darknet-sadap-whatsapp-24,Panduan Termux Social Darknet Sadap WA (Gratis),"cara menggunakan termux social darknet sadap whatsapp, untuk intip pesan wa secara jarak jauh dengan android"
tool-hack-pegasus-whatsapp-apk-23,Aplikasi Sadap Pegasus WhatsApp Hack APK Free,"pegasus whatsapp hack apk download free, untuk menyadap data aplikasi wa terbaru secara jarak jauh"
tool-hack-pointszone-whatsapp-v2,Download APK Pointszone WhatsApp Hack v2,link pointszone whatsapp hack v2 dengan aplikasi sadap hp apk free terbaru secara jarak jauh dengan mudah buktikan pasangan selingkuh lewat wa
tool-pointszone-net-v2-whatshack-83,Tool Pointszone.net V2 Whatshack (Sadap WA),Pointszone.net V2 Whatshack
tool-social-spy-whatsapp-71,Download Apk Social Spy WhatsApp Pro Hack v3 Free,"download apk social spy whatsapp pro, aplikasi hack terbaru menyadap data wa secara jarak jauh untuk ponsel iphone dan android"
tutorial-whatsdog-apk-73,Download Whatsdog Apk v2 untuk Sadap WhatsApp,"download aplikasi sadap whatsdog apk free dan cara menggunakannya untuk hp iphone dan android, bajak wa secara jarak jauh"
whatsapp-social-spy-tool-apk-24,Official Tool WhatsApp Spy Download Apk FREE (Bajak WA),"official whatsapp spy tool apk sadap wa work, dengan aplikasi social spy untuk iphone dan android buktikan pasangan selingkuh secara jarak jauh"